{
    "confidence_score": 0.43491610884666443,
    "ptm": 0.3661534786224365,
    "iptm": 0.14386694133281708,
    "ligand_iptm": 0.0,
    "protein_iptm": 0.14386694133281708,
    "complex_plddt": 0.5076783895492554,
    "complex_iplddt": 0.5110749006271362,
    "complex_pde": 2.5765929222106934,
    "complex_ipde": 12.135320663452148,
    "chains_ptm": {
        "0": 0.4471396505832672,
        "1": 0.469518780708313
    },
    "pair_chains_iptm": {
        "0": {
            "0": 0.4471396505832672,
            "1": 0.14386694133281708
        },
        "1": {
            "0": 0.08283733576536179,
            "1": 0.469518780708313
        }
    }
}