target,length,iteration,apo_holo_rmsd,complex_plddt,iptm,helix_loss
Zm00001eb361090_P002,77,1,12.954483752816714,0.5076783895492554,0.14386694133281708,-0.22913177983275218
